0.432835820895521,0.437593984962406,1,0.252336448598131,0.351785714285714,0.00966183574879227,0.308550185873606,0,0,5,0
0.283582089552235,0.475187969924812,0.801781737193764,0.333333333333333,0.521428571428572,0.0772946859903382,0.223048327137546,0,0,2,0
0.220807726075509,0.421052631578947,0.790645879732739,0.389408099688474,0.567857142857142,0.0628019323671498,0.218401486988848,0,0,2,0
0.285776997366111,0.372932330827068,0.821826280623608,0.311526479750779,0.5,0.0917874396135266,0.259293680297398,0,0,2,0
0.275241439859526,0.381954887218045,0.806236080178174,0.29595015576324,0.583928571428571,0.0885668276972625,0.245353159851301,0,0,2,0
0.211150131694468,0.309774436090225,0.804008908685969,0.414330218068536,0.564285714285714,0.103059581320451,0.245353159851301,0,0.509803921568627,4,0
0.275680421422303,0.386466165413534,0.801781737193764,0.264797507788162,0.585714285714287,0.0933977455716586,0.254646840148699,0,0,2,0
0.281387181738368,0.36390977443609,0.804008908685969,0.236760124610592,0.612499999999999,0.0917874396135266,0.261152416356877,0,0,2,0
0.352502194907813,0.497744360902256,0.797327394209354,0.336448598130841,0.405357142857143,0.0901771336553945,0.266728624535316,0,0,1,0
0.280948200175591,0.341353383458647,0.801781737193764,0.333333333333333,0.567857142857142,0.0917874396135266,0.276022304832714,0,0.215686274509804,2,0
0.200175592625105,0.299248120300752,0.770601336302895,0.395638629283489,0.605357142857144,0.107890499194847,0.247211895910781,0,0.470588235294118,4,0
0.284460052677789,0.311278195488722,0.815144766146993,0.305295950155763,0.571428571428573,0.0966183574879227,0.29089219330855,0,0,3,0
0.208077260755047,0.323308270676692,0.763919821826281,0.345794392523364,0.619642857142858,0.111111111111111,0.243494423791822,0,0.470588235294118,4,0
0.277875329236169,0.320300751879699,0.792873051224944,0.305295950155763,0.607142857142856,0.0869565217391304,0.274163568773234,0,0.333333333333333,4,0
0.284460052677789,0.282706766917293,0.799554565701559,0.317757009345794,0.621428571428573,0.0933977455716586,0.285315985130112,0,0,3,0
0.283582089552235,0.312781954887218,0.788418708240535,0.292834890965732,0.612499999999999,0.0933977455716586,0.275092936802974,0,0,3,0
0.293678665496053,0.293233082706767,0.817371937639198,0.271028037383178,0.589285714285714,0.0982286634460547,0.303903345724907,0,0,3,0
0.474539069359086,0.545864661654135,0.857461024498886,0.186915887850467,0.276785714285714,0.0241545893719807,0.345724907063197,0,0,5,0
0.349429323968392,0.476691729323308,0.830734966592428,0.277258566978193,0.412500000000001,0.00966183574879227,0.321561338289963,0,0,5,0
0.272168568920104,0.344360902255639,0.788418708240535,0.43613707165109,0.521428571428572,0.0869565217391304,0.279739776951673,0,0.137254901960784,2,0
0.278753292361724,0.314285714285714,0.790645879732739,0.373831775700935,0.525,0.0869565217391304,0.287174721189591,0,0.372549019607843,4,0
0.373573309920984,0.607518796992481,0.835189309576837,0,0.394642857142856,0.00483091787439614,0.3317843866171,0,0,5,0
0.272607550482882,0.308270676691729,0.806236080178174,0.311526479750779,0.532142857142858,0.0950080515297907,0.303903345724907,0,0,3,0
0.279192273924491,0.312781954887218,0.795100222717149,0.330218068535826,0.573214285714285,0.0998389694041868,0.293680297397769,0,0,3,0
0.265583845478495,0.398496240601504,0.779510022271715,0.26791277258567,0.542857142857142,0.0805152979066023,0.278810408921933,0,0,2,0
0.284899034240566,0.338345864661654,0.788418708240535,0.286604361370716,0.569642857142857,0.104669887278583,0.288104089219331,0,0,3,0
0.297629499561019,0.372932330827068,0.775055679287305,0.348909657320872,0.505357142857143,0.0950080515297907,0.278810408921933,0,0,2,0
0.266022827041262,0.321804511278195,0.775055679287305,0.32398753894081,0.576785714285716,0.0901771336553945,0.278810408921933,0,0,3,0
0.286654960491656,0.275187969924812,0.783964365256125,0.355140186915888,0.596428571428573,0.0917874396135266,0.289033457249071,0,0,3,0
0.293678665496053,0.353383458646617,0.77728285077951,0.308411214953271,0.544642857142857,0.0966183574879227,0.284386617100372,0,0,3,0
0.286654960491656,0.288721804511278,0.792873051224944,0.314641744548287,0.583928571428571,0.0982286634460547,0.302973977695167,0,0.274509803921569,4,0
0.277436347673402,0.317293233082707,0.779510022271715,0.264797507788162,0.617857142857142,0.0901771336553945,0.28996282527881,0,0,3,0
0.289727831431077,0.318796992481203,0.775055679287305,0.292834890965732,0.564285714285714,0.0982286634460547,0.29089219330855,0.0285714285714286,0.431372549019608,4,0
0.280070237050046,0.276691729323308,0.7728285077951,0.339563862928349,0.639285714285715,0.0966183574879227,0.28996282527881,0,0.117647058823529,2,0
0.293239683933275,0.294736842105263,0.788418708240535,0.327102803738318,0.560714285714286,0.0917874396135266,0.308550185873606,0,0,3,0
0.198419666374016,0.384962406015038,0.76837416481069,0.286604361370716,0.523214285714285,0.0901771336553945,0.29182156133829,0,0,2,0
0.348551360842847,0.475187969924812,0.78619153674833,0.320872274143302,0.357142857142857,0.0821256038647343,0.311338289962825,0.0349206349206349,0,1,0
0.299385425812118,0.302255639097744,0.775055679287305,0.330218068535826,0.562499999999999,0.103059581320451,0.302044609665427,0,0,3,0
0.48200175592625,0.523308270676692,0.850779510022272,0.0560747663551402,0.349999999999999,0.0177133655394525,0.384758364312268,0,0,5,0
0.297629499561019,0.309774436090225,0.779510022271715,0.258566978193146,0.575,0.103059581320451,0.310408921933085,0,0,3,0
0.280948200175591,0.297744360902256,0.761692650334076,0.283489096573209,0.605357142857144,0.0950080515297907,0.298327137546468,0,0,3,0
0.291483757682176,0.372932330827068,0.755011135857461,0.32398753894081,0.526785714285715,0.0950080515297907,0.293680297397769,0,0,2,0
0.480684811237928,0.451127819548872,0.855233853006681,0.133956386292835,0.348214285714287,0.0273752012882448,0.400557620817844,0,0,5,0
0.294556628621597,0.300751879699248,0.763919821826281,0.280373831775701,0.560714285714286,0.0998389694041868,0.309479553903346,0,0.588235294117647,4,0
0.344600526777871,0.415037593984962,0.775055679287305,0.330218068535826,0.382142857142858,0.0885668276972625,0.3317843866171,0,0,1,0
0.330992098331874,0.369924812030075,0.750556792873051,0.277258566978193,0.519642857142857,0.0917874396135266,0.315985130111524,0,0.313725490196078,4,0
0.68129938542581,0.490225563909775,0.824053452115813,0.130841121495327,0.314285714285713,0.00322061191626409,0.407992565055762,0,0.196078431372549,5,0
0.486391571553993,0.372932330827068,0.839643652561247,0.155763239875389,0.389285714285713,0.0209339774557166,0.426579925650558,0,0,5,0
0.343722563652326,0.428571428571429,0.746102449888641,0.292834890965732,0.405357142857143,0.0950080515297907,0.323420074349442,0,0,1,0
0.528972783143113,0.449624060150376,0.828507795100223,0.0685358255451713,0.346428571428571,0.0144927536231884,0.430297397769517,0,0.313725490196078,5,0
0.356014047410011,0.371428571428571,0.741648106904232,0.308411214953271,0.455357142857143,0.0966183574879227,0.344795539033457,0,0.215686274509804,1,0
0.304214223002638,0.406015037593985,0.639198218262806,0.280373831775701,0.541071428571429,0.0885668276972625,0.33457249070632,0,0,1,0
0.31694468832309,0.362406015037594,0.632516703786192,0.308411214953271,0.542857142857142,0.0885668276972625,0.338289962825279,0,0,1,0
0.291044776119399,0.372932330827068,0.625835189309577,0.311526479750779,0.566071428571429,0.0821256038647343,0.33364312267658,0,0.176470588235294,1,0
0.287093942054433,0.258646616541353,0.603563474387528,0.311526479750779,0.694642857142858,0.0901771336553945,0.337360594795539,0,0.470588235294118,4,0
0.0438981562774412,0.33984962406015,0.7728285077951,0.258566978193146,0.566071428571429,0.0998389694041868,0.271375464684015,0,0.607843137254902,4,0
0.311237928007025,0.321804511278195,0.775055679287305,0.311526479750779,0.560714285714286,0.0966183574879227,0.278810408921933,0,0,3,0
0.280509218612813,0.413533834586466,0.832962138084632,0.274143302180685,0.567857142857142,0.0950080515297907,0.241635687732342,0,0,2,0
0.280509218612813,0.4,0.815144766146993,0.280373831775701,0.532142857142858,0.0917874396135266,0.263940520446097,0,0.215686274509804,1,0
0.346795434591748,0.431578947368421,0.806236080178174,0.255451713395639,0.505357142857143,0.0225442834138486,0.309479553903346,0,0,5,0
0.378402107111504,0.463157894736842,0.797327394209354,0.320872274143302,0.341071428571428,0.0193236714975845,0.301115241635688,0.219047619047619,0,6,0
0.4640035118525,0.418045112781955,0.859688195991091,0.18380062305296,0.35357142857143,0.037037037037037,0.381970260223048,0,0.215686274509804,5,0
0.488147497805093,0.517293233082707,0.848552338530067,0.152647975077882,0.274999999999999,0,0.395910780669145,0,0,5,0
0.4640035118525,0.413533834586466,0.832962138084632,0.190031152647975,0.392857142857144,0.0289855072463768,0.388475836431227,0,0.137254901960784,5,0
0.431957857769976,0.445112781954887,0.799554565701559,0.258566978193146,0.38392857142857,0.0144927536231884,0.368959107806691,0,0,5,0
0.455223880597014,0.348872180451128,0.812917594654788,0.180685358255452,0.430357142857143,0.0305958132045089,0.410780669144981,0,0.333333333333333,5,0
0.455223880597014,0.348872180451128,0.812917594654788,0.180685358255452,0.448214285714285,0.0305958132045089,0.410780669144981,0,0.333333333333333,5,0
0.455223880597014,0.359398496240601,0.797327394209354,0.190031152647975,0.426785714285715,0.037037037037037,0.407992565055762,0,0.313725490196078,5,0
0.520193151887617,0.38796992481203,0.797327394209354,0.165109034267913,0.389285714285713,0.0193236714975845,0.440520446096654,0,0.0588235294117647,5,0
0.201492537313437,0.621052631578947,0.817371937639198,0.451713395638629,0.367857142857144,0.0257648953301127,0.179368029739777,0,0.235294117647059,5,0
0.321773485513611,0.437593984962406,0.861915367483296,0.305295950155763,0.38392857142857,0.0869565217391304,0.268587360594796,0,0.627450980392157,4,0
0.209833187006146,0.354887218045113,0.799554565701559,0.383177570093458,0.587499999999999,0.107890499194847,0.223048327137546,0,0,2,0
0.226514486391574,0.392481203007519,0.795100222717149,0.398753894080997,0.546428571428572,0.0982286634460547,0.228624535315985,0,0,2,0
0.211150131694468,0.344360902255639,0.792873051224944,0.389408099688474,0.589285714285714,0.115942028985507,0.229553903345725,0,0,2,0
0.208516242317824,0.344360902255639,0.797327394209354,0.38006230529595,0.59107142857143,0.111111111111111,0.235130111524164,0,0,2,0
0.232660228270416,0.407518796992481,0.804008908685969,0.389408099688474,0.460714285714286,0.106280193236715,0.241635687732342,0,0,2,0
0.224758560140474,0.341353383458647,0.797327394209354,0.389408099688474,0.539285714285714,0.0982286634460547,0.242565055762082,0,0,2,0
0.218612818261632,0.479699248120301,0.783964365256125,0.299065420560748,0.548214285714285,0.0595813204508857,0.233271375464684,0,0.274509803921569,4,0
0.208516242317824,0.314285714285714,0.783964365256125,0.501557632398754,0.544642857142857,0.111111111111111,0.236059479553903,0,0,2,0
0.209394205443369,0.320300751879699,0.783964365256125,0.570093457943925,0.508928571428571,0.111111111111111,0.236059479553903,0,0,2,0
0.209833187006146,0.378947368421053,0.76837416481069,0.355140186915888,0.600000000000001,0.0982286634460547,0.225836431226766,0,0,2,0
0.233099209833184,0.403007518796993,0.790645879732739,0.299065420560748,0.535714285714286,0.109500805152979,0.24814126394052,0,0,2,0
0.210272168568923,0.354887218045113,0.783964365256125,0.392523364485981,0.546428571428572,0.109500805152979,0.243494423791822,0,0.176470588235294,2,0
0.12906057945566,0.529323308270677,0.688195991091314,0.557632398753894,0.441071428571429,0.177133655394525,0.153345724907063,0,0,6,0
0.22388059701493,0.395488721804511,0.797327394209354,0.373831775700935,0.519642857142857,0.072463768115942,0.258364312267658,0,0,2,0
0.19929762949956,0.377443609022556,0.77728285077951,0.367601246105919,0.614285714285715,0.0611916264090177,0.241635687732342,0,0,2,0
0.232660228270416,0.401503759398496,0.77728285077951,0.383177570093458,0.507142857142858,0.107890499194847,0.246282527881041,0,0.196078431372549,2,0
0.220807726075509,0.342857142857143,0.779510022271715,0.370716510903427,0.55,0.0966183574879227,0.25,0,0,2,0
0.23046532045654,0.273684210526316,0.775055679287305,0.492211838006231,0.610714285714287,0.101449275362319,0.246282527881041,0,0.176470588235294,4,0
0.31870061457419,0.330827067669173,0.832962138084632,0.255451713395639,0.441071428571429,0.103059581320451,0.328066914498141,0,0.431372549019608,4,0
0.215100965759434,0.326315789473684,0.766146993318485,0.361370716510903,0.580357142857143,0.07085346215781,0.263940520446097,0,0,2,0
0.207638279192269,0.359398496240601,0.759465478841871,0.401869158878505,0.61607142857143,0.0112721417069243,0.275092936802974,0,0.372549019607843,4,0
0.208516242317824,0.377443609022556,0.743875278396436,0.367601246105919,0.587499999999999,0.0628019323671498,0.259293680297398,0,0,2,0
0.225636523266019,0.297744360902256,0.741648106904232,0.373831775700935,0.619642857142858,0.107890499194847,0.261152416356877,0,0,2,0
0.327041264266899,0.395488721804511,0.763919821826281,0.355140186915888,0.437500000000001,0.0821256038647343,0.294609665427509,0,0,1,0
0.31870061457419,0.344360902255639,0.806236080178174,0.2398753894081,0.451785714285715,0.103059581320451,0.343866171003718,0,0.294117647058824,4,0
0.275680421422303,0.221052631578947,0.723830734966592,0.271028037383178,0.667857142857143,0.0998389694041868,0.322490706319703,0,0.470588235294118,4,0
0.251975417032488,0.291729323308271,0.641425389755011,0.442367601246106,0.607142857142856,0.117552334943639,0.289033457249071,0,0,1,0
0.30553116769096,0.335338345864662,0.65924276169265,0.355140186915888,0.555357142857143,0.0966183574879227,0.312267657992565,0.0444444444444445,0,1,0
0.237050043898159,0.303759398496241,0.634743875278396,0.358255451713396,0.617857142857142,0.0917874396135266,0.312267657992565,0.0349206349206349,0.431372549019608,4,0
0.269973661106238,0.243609022556391,0.605790645879733,0.417445482866044,0.546428571428572,0.112721417069243,0.353159851301115,0,0,1,0
0.309482001755926,0.284210526315789,0.614699331848552,0.168224299065421,0.714285714285715,0.0563607085346216,0.370817843866171,0,0.392156862745098,4,0
0.706760316066725,0.461654135338346,0.701559020044543,0.115264797507788,0.135714285714284,0.0128824476650564,0.577137546468401,0,0,7,0
0.568481123792801,0.466165413533835,0.645879732739421,0.274143302180685,0.239285714285715,0.0128824476650564,0.49814126394052,0,0,5,0
0.597014925373136,0.108270676691729,0,0.495327102803738,0.425,0.130434782608696,0.725836431226766,0,0.666666666666667,7,0
0.88235294117647,0,0,0.56386292834891,0,0.0933977455716586,0.731412639405204,1,0.549019607843137,6,0
1,0.23609022556391,0,0.221183800623053,0.062499999999999,0.0193236714975845,1,0,0.470588235294118,7,0
0.485952589991216,0.556390977443609,0,0.221183800623053,0.510714285714286,0.0161030595813205,0.565985130111524,0,0.156862745098039,7,0
0.308604038630381,0.449624060150376,0,0.0841121495327103,0.82857142857143,0,0.516728624535316,0,0,7,0
0.679982440737488,0.075187969924812,0,0.149532710280374,0.607142857142856,0,0.859665427509294,0,0,7,0
0.712906057945567,0.0436090225563909,0,0.143302180685358,0.583928571428571,0,0.885687732342007,0,0,7,0
0.729587357330995,0.287218045112782,0,0.118380062305296,0.394642857142856,0.00966183574879227,0.83364312267658,0,0,7,0
0.341088674275682,0.410526315789474,0.853006681514477,0.302180685358255,0.489285714285714,0.0917874396135266,0.258364312267658,0,0.274509803921569,1,0
0.321334503950833,0.356390977443609,0.884187082405345,0.280373831775701,0.469642857142857,0.0966183574879227,0.278810408921933,0,0,1,0
0.320895522388056,0.403007518796993,0.866369710467706,0.32398753894081,0.458928571428571,0.0821256038647343,0.264869888475836,0,0,1,0
0.313432835820892,0.377443609022556,0.868596881959911,0.348909657320872,0.45,0.0885668276972625,0.267657992565056,0,0.196078431372549,1,0
0.260316066725197,0.449624060150376,0.819599109131403,0.473520249221184,0.401785714285715,0.103059581320451,0.227695167286245,0,0,1,0
0.244951712028091,0.386466165413534,0.810690423162584,0.386292834890966,0.485714285714286,0.104669887278583,0.241635687732342,0,0.568627450980392,4,0
0.235733099209837,0.425563909774436,0.795100222717149,0.367601246105919,0.471428571428572,0.103059581320451,0.235130111524164,0,0,2,0
0.320017559262511,0.378947368421053,0.837416481069042,0.320872274143302,0.462500000000001,0.0933977455716586,0.277881040892193,0,0,1,0
0.240561896400348,0.330827067669173,0.788418708240535,0.414330218068536,0.562499999999999,0.103059581320451,0.241635687732342,0,0.411764705882353,4,0
0.251097453906933,0.37593984962406,0.788418708240535,0.370716510903427,0.541071428571429,0.0901771336553945,0.24814126394052,0,0,2,0
0.25987708516242,0.413533834586466,0.775055679287305,0.442367601246106,0.483928571428571,0.0998389694041868,0.237918215613383,0,0,2,0
0.466198419666377,0.371428571428571,0.819599109131403,0.26791277258567,0.525,0.0869565217391304,0.287174721189591,0,0,1,0
0.332309043020196,0.330827067669173,0.815144766146993,0.395638629283489,0.482142857142858,0.0933977455716586,0.28996282527881,0,0.235294117647059,1,0
0.242317822651447,0.332330827067669,0.804008908685969,0.302180685358255,0.525,0.0901771336553945,0.294609665427509,0,0,2,0
0.424056189640035,0.458646616541353,0.507795100222717,0.355140186915888,0.389285714285713,0.0789049919484702,0.410780669144981,0,0.333333333333333,7,0
0.41834942932397,0.42406015037594,0.465478841870824,0.429906542056075,0.423214285714287,0.0853462157809984,0.384758364312268,0.0857142857142857,0.333333333333333,7,0
0.397278314310799,0.488721804511278,0.300668151447661,0.417445482866044,0.348214285714287,0.0628019323671498,0.476765799256506,0,0.352941176470588,7,0
0.466198419666377,0.454135338345865,0.224944320712695,0.333333333333333,0.425,0.0531400966183575,0.530669144981413,0,0,7,0
0.658033362598773,0.446616541353383,0,0.333333333333333,0.255357142857142,0.0305958132045089,0.744423791821561,0,0.196078431372549,7,0
0.306409130816505,0.406015037593985,0.88641425389755,0.277258566978193,0.478571428571428,0.0933977455716586,0.252788104089219,0,0,1,0
0.30070237050044,0.44812030075188,0.875278396436526,0.389408099688474,0.357142857142857,0.0869565217391304,0.258364312267658,0,0.294117647058824,1,0
0.30553116769096,0.390977443609023,0.857461024498886,0.299065420560748,0.530357142857143,0.0837359098228663,0.25,0,0,2,0
0.295873573309919,0.369924812030075,0.868596881959911,0.314641744548287,0.45,0.0885668276972625,0.279739776951673,0,0.549019607843137,4,0
0.303336259877084,0.341353383458647,0.846325167037862,0.246105919003115,0.582142857142856,0.0901771336553945,0.274163568773234,0,0.235294117647059,4,0
0.261633011413519,0.324812030075188,0.806236080178174,0.398753894080997,0.562499999999999,0.0982286634460547,0.24907063197026,0,0,2,0
0.245390693590868,0.309774436090225,0.783964365256125,0.389408099688474,0.633928571428572,0.106280193236715,0.229553903345725,0,0,2,0
0.245390693590868,0.321804511278195,0.792873051224944,0.420560747663551,0.594642857142857,0.104669887278583,0.237918215613383,0,0,2,0
0.252414398595255,0.390977443609023,0.788418708240535,0.411214953271028,0.487500000000001,0.109500805152979,0.24907063197026,0,0,2,0
0.323090430201933,0.371428571428571,0.808463251670379,0.242990654205607,0.539285714285714,0.0917874396135266,0.276951672862454,0.0285714285714286,0.333333333333333,4,0
0.24012291483758,0.318796992481203,0.78173719376392,0.358255451713396,0.571428571428573,0.109500805152979,0.260223048327138,0.019047619047619,0.490196078431373,4,0
0.260755048287974,0.341353383458647,0.7728285077951,0.467289719626168,0.519642857142857,0.106280193236715,0.255576208178439,0,0,2,0
0.239244951712026,0.33984962406015,0.708240534521158,0.292834890965732,0.564285714285714,0.0933977455716586,0.314126394052045,0,0.470588235294118,4,0
0.317822651448635,0.318796992481203,0.817371937639198,0.29595015576324,0.492857142857142,0.0998389694041868,0.302044609665427,0,0.686274509803921,4,0
0.287093942054433,0.439097744360902,0.815144766146993,0.255451713395639,0.528571428571428,0.0177133655394525,0.294609665427509,0,0,5,0
0.21729587357331,0.390977443609023,0.78619153674833,0.327102803738318,0.510714285714286,0.0901771336553945,0.269516728624535,0,0,2,0
0.243634767339769,0.377443609022556,0.795100222717149,0.339563862928349,0.516071428571429,0.0901771336553945,0.279739776951673,0,0.196078431372549,2,0
0.231782265144862,0.215037593984962,0.783964365256125,0.330218068535826,0.55,0.0917874396135266,0.288104089219331,0,0,2,0
0.241439859525902,0.362406015037594,0.76837416481069,0.457943925233645,0.476785714285715,0.0966183574879227,0.274163568773234,0,0.333333333333333,4,0
0.444249341527651,0.53984962406015,0.868596881959911,0.168224299065421,0.301785714285714,0,0.377323420074349,0,0,5,0
0.291483757682176,0.437593984962406,0.812917594654788,0.11214953271028,0.569642857142857,0.00966183574879227,0.325278810408922,0,0,5,0
0.21729587357331,0.404511278195489,0.757238307349666,0.289719626168224,0.514285714285714,0.0950080515297907,0.268587360594796,0,0,2,0
0.254170324846355,0.320300751879699,0.797327394209354,0.317757009345794,0.5,0.0982286634460547,0.312267657992565,0,0,2,0
0.233099209833184,0.347368421052631,0.757238307349666,0.302180685358255,0.571428571428573,0.0837359098228663,0.29275092936803,0,0,2,0
0.237050043898159,0.403007518796993,0.755011135857461,0.308411214953271,0.505357142857143,0.0837359098228663,0.299256505576208,0,0,2,0
0.441615452151007,0.496240601503759,0.837416481069042,0.0903426791277259,0.35357142857143,0.0177133655394525,0.392193308550186,0,0,5,0
0.290166812993854,0.421052631578947,0.759465478841871,0.383177570093458,0.398214285714287,0.0933977455716586,0.312267657992565,0,0,1,0
0.29894644424934,0.416541353383459,0.748329621380846,0.417445482866044,0.380357142857142,0.0917874396135266,0.314126394052045,0,0.176470588235294,1,0
0.314749780509214,0.390977443609023,0.743875278396436,0.389408099688474,0.416071428571429,0.0901771336553945,0.330855018587361,0,0,1,0
0.3595258999122,0.437593984962406,0.788418708240535,0.143302180685358,0.507142857142858,0.0257648953301127,0.321561338289963,0.0476190476190476,0.470588235294118,5,0
0.481123792800705,0.520300751879699,0.841870824053452,0.193146417445483,0.276785714285714,0.037037037037037,0.344795539033457,0,0.725490196078431,5,0
0.175153643546968,0.493233082706767,0.596881959910913,1,0.014285714285714,0.270531400966184,0.0408921933085502,0.698412698412698,0,6,0
0.351185250219491,0.300751879699248,0.412026726057906,0.489096573208723,0.514285714285714,0.0966183574879227,0.433085501858736,0,0,7,0
0.463564530289723,0.124812030075188,0.418708240534521,0.395638629283489,0.544642857142857,0.0756843800322061,0.555762081784387,0,0,7,0
0.454784899034237,0.0451127819548871,0.380846325167038,0.395638629283489,0.648214285714286,0.0933977455716586,0.575278810408922,0,0,7,0
0.374890254609306,0.287218045112782,0,0.423676012461059,0.703571428571429,0.0611916264090177,0.566914498141264,0,0,7,0
0.24187884108867,0.320300751879699,0,0.479750778816199,0.726785714285714,0.156199677938808,0.440520446096654,0,0,7,0
0.385864793678668,0.381954887218045,0,0.457943925233645,0.575,0.0756843800322061,0.547397769516729,0,0,7,0
0.550482879719051,0.407518796992481,0,0.401869158878505,0.430357142857143,0.0515297906602254,0.632899628252788,0,0,7,0
0.0882352941176499,0.344360902255639,0,0.856697819314642,0.119642857142858,1,0.142193308550186,0,0,6,0
0.0904302019315166,0.341353383458647,0,0.850467289719626,0.158928571428572,1,0.139405204460967,0,0,6,0
0.407374890254607,0.398496240601504,0,0.345794392523364,0.435714285714286,0.0531400966183575,0.657063197026022,0,0,7,0
0.413959613696227,0.318796992481203,0.358574610244989,0.585669781931464,0.423214285714287,0.122383252818035,0.396840148698885,0.0761904761904762,1,7,0
0.440737489025463,0.336842105263158,0.0734966592427617,0.38006230529595,0.639285714285715,0.0209339774557166,0.54275092936803,0,0.549019607843137,7,0
0.00702370500438709,0.445112781954887,0.712694877505568,0.473520249221184,0.535714285714286,0.28341384863124,0,0.377777777777778,0,6,0
0.317383669885868,0.53984962406015,0.726057906458797,0.601246105919003,0.257142857142857,0.235104669887279,0.033457249070632,0.517460317460317,0,6,0
0.526777875329236,0.407518796992481,0.743875278396436,0.292834890965732,0.458928571428571,0.0966183574879227,0.315985130111524,0,0,1,0
0.496927129060579,0.621052631578947,0.489977728285078,0.551401869158879,0.0803571428571434,0.122383252818035,0.402416356877323,0,0,7,0
0.548726953467952,0.760902255639098,0.407572383073497,0.317757009345794,0.110714285714287,0.0499194847020934,0.295539033457249,0.533333333333333,0,6,0
0.218612818261632,0.473684210526316,0.396436525612472,0.467289719626168,0.587499999999999,0,0.301115241635688,0.241269841269841,0,6,0
0.213784021071112,0.619548872180451,0,0.651090342679128,0.619642857142858,0,0.309479553903346,0.203174603174603,0.176470588235294,8,0
0.223002633889375,0.521804511278195,0,0.778816199376947,0.651785714285713,0.00644122383252818,0.335501858736059,0.126984126984127,0.176470588235294,8,0
0.265144863915717,0.604511278195489,0,0.532710280373832,0.573214285714285,0,0.288104089219331,0.504761904761905,0.156862745098039,9,0
0.249341527655834,0.57593984962406,0,0.526479750778816,0.621428571428573,0,0.287174721189591,0.498412698412698,0.137254901960784,9,0
0.188762071992975,0.512781954887218,0,0.744548286604361,0.639285714285715,0.0128824476650564,0.338289962825279,0.193650793650794,0.0980392156862745,8,0
0.193590869183495,0.472180451127819,0,0.700934579439252,0.610714285714287,0.0225442834138486,0.369888475836431,0.257142857142857,0.0196078431372549,8,0
0.268656716417906,0.596992481203008,0,0.638629283489097,0.619642857142858,0,0.327137546468401,0.20952380952381,0,8,0
0.182616330114132,0.548872180451128,0,0.738317757009346,0.587499999999999,0.00644122383252818,0.339219330855019,0.203174603174603,0,8,0
0.216856892010533,0.643609022556391,0,0.691588785046729,0.578571428571428,0.00805152979066023,0.315985130111524,0.168253968253968,0,8,0
0.172519754170324,0.664661654135339,0,0.610591900311526,0.658928571428572,0,0.270446096654275,0.2,0,8,0
0.236172080772605,0.183458646616541,0,0.280373831775701,0.958928571428573,0.434782608695652,0.325278810408922,0,0,6,0
0.175153643546968,0.619548872180451,0,0.663551401869159,0.698214285714286,0,0.275092936802974,0.177777777777778,0,8,0
0.238366988586481,0.61203007518797,0,0.529595015576324,0.589285714285714,0,0.264869888475836,0.542857142857143,0,9,0
0.220368744512731,0.634586466165413,0,0.616822429906542,0.623214285714285,0,0.304832713754647,0.212698412698413,0,8,0
0.270851624231782,0.634586466165413,0,0.470404984423676,0.567857142857142,0,0.295539033457249,0.492063492063492,0,9,0
0.232660228270416,0.633082706766917,0,0.492211838006231,0.589285714285714,0,0.301115241635688,0.438095238095238,0,9,0
0.314310798946446,0.550375939849624,0,0.476635514018692,0.544642857142857,0.227053140096618,0.0966542750929368,0.914285714285714,0,6,0
0.23046532045654,0.547368421052632,0,0.763239875389408,0.542857142857142,0,0.37360594795539,0.171428571428571,0,8,0
0.223002633889375,0.512781954887218,0,0.806853582554517,0.5,0.0128824476650564,0.348513011152416,0.336507936507937,0,6,0
0.250219490781389,0.630075187969925,0,0.529595015576324,0.580357142857143,0,0.276022304832714,0.504761904761905,0,9,0
0.417032484635648,0.545864661654135,0,0.538940809968847,0.644642857142858,0,0.279739776951673,0.520634920634921,0,9,0
0.23529411764706,0.548872180451128,0,0.514018691588785,0.678571428571429,0,0.283457249070632,0.498412698412698,0,9,0
0.261633011413519,0.526315789473684,0,0.557632398753894,0.633928571428572,0,0.296468401486989,0.53015873015873,0,9,0
0.319091069946898,0.161012814316081,0.71390053939516,0.348702844592806,0.794837454855771,0.137811560290321,0.238253117396364,0.000333576436984926,0.154707501988396,1,1
0.250734577108562,0.364765126187755,0.839757198192026,0.317994306587453,0.548009952417695,0.100647266542466,0.311182203789999,0.0013928900213223,0.0625280459005607,3,1
0.50630091412394,0.56005083974547,0.799386409687058,0.200950751556405,0.204447854882882,0.0421556656240045,0.258222917024735,-0.0541916543257985,0.612258628310271,5,1
0.637058771562448,0.339230043138553,-0.199846898394189,0.516372618219887,0.948034082995367,-0.10005021712645,0.936486415401504,0.000409306941671264,0.0370086753795975,7,1
-0.0799713154361689,1.0335614810766,0.165905804683245,0.513323741705686,0.295535638651133,-0.0226527711830581,1.09590909775116,-0.149654977257528,-0.471352847988028,7,1
0.256286207883393,0.48755142180692,-0.0260344632169714,0.835209119827609,0.633685380163581,-0.0410097497037936,0.495768407787058,0.201356021770949,0.159310950262209,8,1
0.290625671016104,0.264057011474487,0.81726348332965,0.367565129257187,0.51393715031814,0.0871697773001586,0.277124120210594,-0.000215970936027695,0.00437711796247317,3,1
0.0609007952116262,0.281708772967363,0.505042774566865,-0.0379364979440361,0.772577910412065,0.205727609845053,0.541431335718932,-0.157098198453368,1.07879310804408,7,1
0.294302994158263,0.534352658166524,-0.178083710460582,1.00486028397906,0.577182497072045,0.00511808660717298,0.259011580737966,0.244837585267443,0.185140375581869,8,1
0.25172145836728,0.546001327729923,-0.123453155112197,0.821387560273856,0.420492863484977,0.0119911863135181,0.402147483805024,0.156592526443835,-0.0707005138836579,8,1
0.24342735568034,0.445592789103601,0.905087830103336,0.343713946696687,0.529755852350007,0.0915277306026001,0.33201606087707,-0.00802886742814518,0.187296802005997,2,1
0.235141435268344,0.378055081091388,0.862854482300312,0.365668805680848,0.685390850945148,0.0643645838573051,0.199635411819451,-0.0258854167504121,-0.174285638137614,2,1
0.095377991088078,0.349464936872556,0.801964351585295,0.51255430635298,0.657867249352433,0.0965171152294406,0.286520016945138,0.0637603991130734,-0.208298743792407,1,1
0.276197669699284,0.31765311839246,0.813366848382525,0.400638505780837,0.558459849095235,0.0936884769661651,0.293452787574531,-0.000922267645134795,0.0184783553402601,3,1
0.179822509535478,0.790096754166325,0.0178287368984989,0.757837317664567,0.617176241642371,0.017867596599088,0.265606877159056,0.172727382810604,0.0332947845010458,8,1
0.357796319145496,0.505855188231914,0.765727712559844,0.38210617622516,0.733530626502935,0.0651906648131123,0.275471232308626,-0.0153611185424447,-0.0727678760701417,2,1
0.275901571488521,0.292131897075971,0.822617220118487,0.30213176805548,0.574338080567532,0.0896698854363924,0.327980245543581,-0.00525212924637273,-0.00181571765017419,3,1
0.247663378230037,0.413483890190053,0.714512222947377,0.0685415915812069,0.551981726397387,0.0986806339844243,0.33961548663828,0.0233452730557826,0.476640300247283,1,1
0.294336403351404,0.331724668892602,0.761068602649256,0.416551762060952,0.406467404014154,0.0843175319786847,0.30269544130615,-0.00642654218512222,-0.0572147548710397,2,1
0.531926399605862,0.425544036126217,0.170923895292085,0.28741630708478,0.614339161071286,-0.0702218346095219,0.835434977299499,-0.0551827366977117,0.815063530137623,7,1
0.340373507288522,0.533877482174038,0.718594727350541,0.267492865172089,0.38719725719345,0.030316590785465,0.239760020299386,0.0553242227225944,-0.203966454484435,5,1
0.285522432325493,0.648495357533842,0.843777498837104,0.0150417597151454,0.453936666317739,0.061214037711919,0.435382296406965,0.0295688220561098,-0.095280183721643,5,1
0.28790093621663,0.294595527169858,0.815147851739474,0.264452465176373,0.527903656823921,0.0774472422734254,0.291052169695563,0.000597639672155454,-0.00916488246826242,3,1
0.352059323972617,0.310616520410564,0.797818987035193,0.290376187815093,0.611741727964108,0.0882519031437093,0.262635369196867,0.000111601129337679,0.185394305066221,3,1
0.236879972154548,0.396413954232671,0.74989359672964,0.40519083792831,0.602990248845405,0.0925885681181286,0.262727132413631,-0.0146391841981176,-0.194042741213813,2,1
0.650627908883776,0.38995487899439,0.149493699660701,-0.119426838400987,1.19112747519662,0.0308889778147872,0.215828531834036,0.000221788271947465,0.337872280464006,7,1
0.17312254301868,0.335090274516813,-0.0837564923282021,0.416174988875,0.709399914714429,0.00834816325592136,0.256614121819506,0.223230091143965,0.48016151473778,8,1
0.145603286588985,0.42131252603347,0.634509026125751,0.268917164508519,0.447804040185895,0.0993984240614283,0.392999155310549,0.0316124603763708,-0.012244487406637,2,1
0.454423539987387,0.420178538797907,0.84434623653162,0.037064561207332,0.528446157804748,0.0613820327179017,0.442032447185697,-0.0579411166956937,-0.291695742246575,5,1
1.20861724485024,2.6966029299088,1.79854945024223,-0.448904551876897,-0.845328372071519,0.696130857746285,0.187637289575746,0.00126185141969176,2.06685054104813,6,1
0.883205355527847,0.107375514432059,0.0857733826537299,2.08452269167226,1.80696708708296,0.897972345710093,-0.0609882865423589,-0.269866682998852,1.16567443616756,6,1
0.295289184929516,0.345295689939662,0.706971681348911,0.0623209820376927,0.505329817229884,0.128293536386586,0.174205060635451,-0.00379228530750498,0.266130366184938,4,1
0.317698537811304,0.306843142517693,0.631379901458182,0.0422586592791627,0.598856470666492,0.0455287907986441,0.265559543607351,0.0837613101219364,0.640372023614823,4,1
0.354724131660522,0.287787000799686,0.735279337149167,0.294966336153408,0.632489835841077,0.0926122344769504,0.325144316577857,-0.026112287481176,-0.0812103423679644,2,1
0.169391267351388,0.507544037089173,0.00591067509482115,0.883883833514717,0.494431762618488,0.0707395387768742,0.485526570040133,0.190875011832875,-0.0269765935238901,8,1
0.0676568832684982,0.582623274423107,-0.125602908184915,0.676675055230179,0.667738436918719,0.0180188107776118,0.235113722604185,0.144798244402071,-0.141372179641153,8,1
0.858042586403023,0.116939823615936,0.056062688532774,-0.391282942655619,0.621920557486431,0.210041036372888,0.211572414937605,-0.000703951332378537,1.43407168411534,7,1
0.263293003644459,0.935050914711394,0.270612987386645,0.0384680111262776,0.23114969488158,0.0686684298351302,0.781826105892389,-0.0941265970519868,-0.921899478100515,7,1
0.272603782441872,0.602142203384541,0.0888706791307681,0.665826750893642,0.836744271385546,-0.00260461314206839,0.304459413576692,0.48355621046648,-0.116143826690672,9,1
0.258313988734187,0.582507271721516,0.0281677991477001,0.750805519998596,0.66367637503029,-0.0205406599014822,0.284753315985091,0.189767728119286,0.239318661941637,8,1
0.218692139677496,0.234563345180597,0.646375909261461,0.364728917543937,0.614939597041918,0.0863678668827039,0.350514749631128,-0.0338594017362933,0.363803905595162,4,1
0.576233250074289,0.510950444733224,0.634800818270796,0.223513165395727,0.479695411886048,0.0286575768756805,0.365076177494738,0.010501111310556,0.0745639028415097,5,1
0.247117450538256,0.518808718376742,0.682996485852221,0.498318103366851,0.519493821990958,0.0894609816644015,0.320565652732496,-0.0134151439720671,0.159592134636209,2,1
0.208760090027014,0.373428070122285,1.0785886991629,0.332565568922099,0.490787293499845,0.124730179581821,0.345580755657615,0.0509213142569503,0.602822540765306,4,1
0.247326729994393,0.251593634067694,0.640233389274595,0.543555199385451,0.556917127504322,0.0835595689880001,0.278026329737283,0.0114290853612219,-0.19868322523008,2,1
0.340308595481438,0.244092017760101,0.802611272031671,0.305913089641726,0.577354769298236,0.110232843663487,0.307782501668596,-0.000625046541783101,-0.00913033183478403,3,1
0.227841758493945,0.337131055125518,0.771111340451701,0.302138070557253,0.605916167139358,0.108720637118129,0.319199701436574,1.50926157445414e-05,-0.0406437745754372,2,1
0.1933846433145,0.441786680053962,-0.0295052747972123,0.617278827609343,0.514893840364949,0.0507639576059772,0.228011736890701,0.499376741737051,0.270763002476449,9,1
0.517251767796121,0.443989875508866,-0.345560296077839,0.537091449858954,0.174848832810035,0.0809703124692567,0.748933695753722,-0.0581457110824281,0.704772033319616,7,1
0.378106537141149,0.51917956896358,-0.00110419711234339,0.50005565118479,0.58850886429722,-0.0145145527628997,0.331536454399087,0.194265711268043,0.325095253295043,8,1
0.329416514042238,0.399101071331273,0.83912923769861,0.429450388693893,0.399105392003607,0.0720776962764187,0.182614425768075,-0.0207171869834354,0.316313058897753,2,1
0.229081740313109,0.262961670770569,0.864541272018535,0.270005288541436,0.562349721308128,0.119691340605914,0.273493298386304,-0.00610923200428866,-0.00157615904925194,3,1
0.307832163683929,0.317241425186053,0.789880944495593,0.278127793534395,0.523031710944242,0.113691274726218,0.264736560979783,0.00656069793930523,-0.0450655798941735,3,1
0.213861580485756,0.677932051848557,-0.0291648862070854,0.839755938380846,0.581843151435947,0.00278449955345782,0.272441749122171,0.515373987755553,-0.385668783159814,9,1
0.249338406593592,0.287497120314201,0.764837373338114,0.313705195999218,0.625631245443898,0.0979856200135218,0.298167308427247,-0.0133443730054611,-0.13113619708747,3,1
-0.755283197101864,1.68888757843776,-0.259533534760122,2.05947892699819,-1.88348323208825,0.19940043856497,0.296621161639777,0.717592817611774,-4.36898297953094,6,1
0.310506595464086,0.307185230810596,0.961939929362567,0.280045476372032,0.442806395500556,0.160155618696969,0.261137388233801,0.00808022395905141,0.201018558807986,4,1
0.831719511092441,0.181263605350663,0.923883860576703,0.238437079520002,0.341283694179508,-0.0154080056371976,0.361954537595329,-0.0465037612950855,0.328350879526701,5,1
0.305622794039752,0.29780998673587,0.677316949509911,0.403925278063872,0.763048311328874,0.0546795618141376,0.145038761301568,-0.00901843399084924,-0.166379853408015,1,1
0.370020481178542,0.40238669596918,0.787981531600086,0.299608259474251,0.528451445322109,0.121001393322423,0.243730632797714,-0.0055995059298486,0.0370314884277999,2,1
0.344683760649219,0.201393588267882,-0.349175843835221,0.474137190090551,0.443670798811972,0.0861050382342557,0.95390393452048,0.0551089912347893,-1.11350467462231,7,1
0.2833497426791,0.473589000616129,0.779127431432239,0.163546882123095,0.741510594566178,0.0848153696734695,0.299631508999284,-0.038362891596325,0.174859818729303,4,1
0.281261212475861,0.701807124665059,0.724566358003421,0.0212615683460047,0.391837105922659,0.0384005583847404,0.200653837624998,-0.00187570356720885,0.0530546555501498,5,1
0.212966610696513,0.611115540400025,0.0490068927253397,0.910636892885316,0.720700098823415,-0.0135247758787273,0.304755167507803,0.202627891894264,-0.0771833667896857,8,1
0.790654125543718,-0.329762481748613,0.679983894834358,0.68323824687943,0.0132404668179193,0.00651559401966878,0.640669247366456,-0.0274934790010429,-1.02864726899748,7,1
0.574948187384968,0.186064379344321,-0.158260637425668,-0.730494399411044,0.400130302709853,-0.00271955680899286,0.938446290135555,0.10859787804964,0.710501912533485,7,1
-1.00819464311714,2.13114791069875,0.658379239516754,-0.00254603487303784,-0.572039505072341,0.436755054580984,0.0149989057082031,0.131930081134272,0.280385217442984,6,1
0.290209017013018,0.406526519275114,0.778275753424931,0.489159163442262,0.689447727653889,0.0833263594801515,0.387431066019107,-0.0256588330851288,-0.0924992247491046,2,1
0.19028851766998,0.273572659613894,0.788012161083346,0.152021553383512,0.440368036525717,0.083896748411336,0.274840069117684,0.00172864960590773,0.0510016630300215,1,1
0.0818566575191022,0.349107053144437,0.7474024209002,0.48723638384544,0.53993568823289,0.0902636521307228,0.246196031990127,-0.0305003813451308,0.151139017908969,2,1
0.37021674188707,0.482363602055262,1.09257471828407,0.240617362899918,0.560902514666085,-0.0141739469146742,0.322116910905721,0.101078860494496,0.025956897000944,5,1
0.575479164767241,0.49065006186634,0.90399835882561,-0.0776656586247409,0.425744498201825,0.0527617547771625,0.444843309956916,0.0725638566650741,-0.111600968930411,5,1
0.127971303107228,0.341424929235666,0.869601356666734,0.416118987657733,0.715012818654354,0.0512567454537847,0.389864611432639,0.0587283679820247,0.27804288104766,4,1
0.670233309485622,0.0840656055094504,-0.153517932054396,0.0438301541362107,0.354857705839533,0.170012491248166,0.804116136441218,-0.0259090936359981,0.582924934612192,7,1
0.24712011325149,0.436402981651388,0.801827451480653,0.299641379407986,0.575820011309074,0.0991743967597441,0.251662057223615,0.000428923993110387,-0.0177160159530302,2,1
1.82266670668085,2.20182972977226,1.34299759784882,-0.1682290160862,0.704702127576745,0.103383795843594,0.578708812715333,0.947247194139029,1.209559494552,6,1
-0.307143072928386,-1.39049617517575,-0.96132984342044,-1.26570469140263,-0.696567682656511,-0.287822962609703,0.182387225207464,-0.273037738336098,2.03685917312719,6,1
0.279956107164958,0.622357010182094,0.799382867102441,0.377878647110384,0.496364372780961,0.0807179992535369,0.343655347229309,0.0186033854926264,0.555747146843432,4,1
0.526813585631385,0.857421465628278,0.883455320627248,0.0993445277172529,-0.0885186923976014,-0.00234039537182992,0.555104944715373,-0.0939719239251596,0.867420036847661,7,1
0.101394088244547,0.377219203175078,0.750707249421586,0.380926265592447,0.428415229890218,0.105429975824186,0.276355615172075,-0.0355886423593617,0.0338421013653853,2,1
0.457288692534372,0.361664630219752,-0.0631198442717289,0.236746128728304,0.756099658192508,0.185960997449007,0.327570518653726,0.0563140238432164,0.114049366236617,7,1
0.409176639626237,0.567616424015809,-0.217234966063386,0.378450318203908,1.07044701423277,0.0983549794313258,0.411149893932075,0.0237474099005279,-0.221444700049352,7,1
0.391923872751634,0.544568442275395,0.701244315540574,0.305044641385122,0.737761138301976,0.0978218427132121,0.234959765005373,0.0211323357104065,0.251606059947356,1,1
0.297001307318037,0.320864887727321,0.628637775668199,0.104996023002868,0.234367946100406,-0.0156284210513828,0.280699022291804,-0.0278950023519848,0.268600778132451,5,1
0.326727600986035,0.225502730770294,-0.0661105932993959,0.661567130329208,-0.00227522497986143,-0.0469144708944731,0.511841055707723,0.00143161878250683,-0.851427763843531,7,1
0.362411185161604,0.448996675441081,0.130761253674294,0.358874644365016,0.397148191298519,-0.0468269924563151,0.245374321302094,0.52666021255207,-0.137354887534988,9,1
0.48755831206413,0.432170005459496,0.343948228251315,0.241663982152822,0.487321367567297,0.0748798678293748,0.639807734396023,0.0224140953611025,0.0138259873219938,5,1
0.249599764077402,0.340540413842118,0.746370376184759,0.259362367446548,0.594348140212152,0.0918405933467317,0.324281336981256,0.0186781992011394,-0.0174965423031906,3,1
0.243000449997798,0.505943506002465,0.664847006089405,0.393766144438852,0.438962092188678,0.110576128959047,0.272729882138094,0.00133380505036189,0.0989420760250721,2,1
0.412193564313614,0.249677993952926,0.831940767345624,0.382397098811323,0.1541146098343,0.101566824841843,0.23643761279552,0.0124912211210304,-0.318444551462439,1,1
0.313974097909398,0.623475871311289,0.61672702004422,0.571928840103587,0.551964346855884,0.121529076455043,0.273026492924074,-0.0171456164209888,0.0420886098203166,1,1
0.331450742848161,0.391590582264232,0.716249163190339,0.495533174259119,0.508493368385386,0.106622967383256,0.277479500004551,-0.0114112019563351,0.0054910751588127,2,1
0.345675215629735,0.319830699836516,0.769857228991823,0.0711756842936309,0.762285731692073,0.0935356797604395,0.1974841193569,0.0192970577134537,0.358930568530309,4,1
0.273777690753982,0.367750003281751,0.763463807780893,0.285842884783708,0.59305693334804,0.10029507677652,0.253854457400025,0.00892861250020323,-0.0630086849025313,2,1
1.66773163530784,-1.10178219938507,-0.0783357415769152,-1.38923925259526,2.36072874610223,0.0705632127957687,1.69761734828867,0.72154895691524,-2.06044187892717,6,1
0.498005616399769,0.179840402500203,-0.34394348989595,-0.0159689277541696,0.025347170524383,0.0260339771313845,0.596750305306736,0.0128105483786459,1.07206191729447,7,1
0.302330912576021,0.518679702063327,0.769186840414622,0.397680067042508,0.177671011260951,0.094172262758753,0.250173027143099,0.0278768460245604,0.0959147821683418,1,1
0.129133173462868,0.262800107035005,0.70980247594594,0.126236551256985,0.581789208740444,0.00993164988492912,0.26112992393833,0.0140273320567126,0.138009973051554,4,1
0.403115783297983,0.323997534441522,0.664477566269898,0.209095939387037,0.306267544331831,0.093908436549117,0.174725939683519,-0.0177879977384631,0.100566906868142,1,1
0.206839596771626,0.421488204414251,0.927723303211982,0.32664870558148,0.544749851200198,0.126117723696059,0.317182488592214,-0.0311618781441044,0.518095842318641,4,1
0.772775543057583,0.111821689402041,-0.353316115458724,1.12972111765351,-0.206556405438161,0.113307233889535,0.427946159741697,-0.0467265703493774,0.266481223288531,7,1
0.269104655888182,0.302193262327315,0.740443022711476,0.331510385707755,0.615102223755919,0.0885477505374438,0.275619516503847,0.0050614621758887,0.101920938187764,3,1
0.341735073039225,0.572617446389071,0.895377669903412,0.457370538253108,0.605117351389384,0.119378221577025,0.259732858276954,-0.0607162341115857,0.0710105373252598,1,1
0.29235807187856,0.302463940321307,0.804554768932253,0.268620413754358,0.645005831632924,-0.0330535320972704,0.299791224681949,-0.0135191150984658,-0.229219197836253,1,1
0.26993891684458,0.315459609444223,0.780843180221087,0.253065596345209,0.56370594790962,0.099587948784111,0.311316616280131,0.00906432034998628,0.0323630917277534,3,1
0.316662410467433,0.337024201148628,0.846606765204775,0.342051642784535,0.567972769461014,0.082041370476738,0.342006294313643,-0.000998498600196066,0.0691755548414894,3,1
0.276228607960903,0.691642397830593,0.592553279714121,0.110702651803538,0.496895203736494,0.0254099433882504,0.438867766385299,-0.014808999420836,-0.236650987147945,5,1
0.362972672021439,0.54435186880897,-0.139334494403958,0.85077006709634,0.565735859007991,-0.0385311090368426,0.403043597000559,0.505291598357451,-0.112517280328738,9,1
0.586409819996038,0.353384282283184,0.934364114233132,0.0276997804023247,0.442900218983732,0.0380483016363405,0.489031607464564,-0.0158413556259316,0.158167515962564,5,1
0.443116365441794,0.581669018278325,0.610299662614457,0.350809552456895,0.167467104260365,-0.00165281280958975,0.520695756960039,0.0200397315194375,0.505404329284067,5,1
0.185819789078128,0.554094900972355,0.820444266445481,0.20979985458435,0.580415731829781,0.130146241821153,0.287710138497503,0.033272094531287,0.357480616953574,4,1
1.07419787075511,-0.744262942943369,0.0916271255088154,1.81533543341405,-0.174562939802255,0.554160834302244,1.73517429195064,0.172808247297521,-1.61742307437353,6,1
0.365278653916326,0.19362583694104,0.879006593969517,0.534549135701322,0.47028312133934,0.113530190899015,0.348590952857676,-0.0391006652450084,0.143741324597162,1,1
0.233025890181324,0.393176007224151,0.782802484150099,0.444061487430893,0.45518333263725,0.125320757435246,0.257790156061338,0.0379257327590401,0.116818116533341,1,1
0.34177039465792,0.148281796309546,0.827108968269739,0.269607785682617,0.481044147010985,0.109560270880605,0.167980240043134,0.0413088313270507,0.415690334781858,1,1
0.448406190475212,0.566490527692964,1.14616162877276,0.764465431440828,0.331415311343597,0.0861742308745937,0.501561255725142,0.0373575077126198,-0.26867384866432,5,1
0.381642931637078,0.239433296894205,0.671216844517143,0.35666960503235,0.616961193387615,0.102892300881136,0.25245416318796,0.0142130724509461,0.453689925929872,4,1
0.757756207937692,-0.027577951563402,0.231429838751662,0.779059783509776,0.870252434890706,0.0886435051150768,0.661513379316274,-0.0334907506663738,1.98249779527248,7,1
0.50265212840418,-0.0281011237074537,-0.277558053310942,0.121017169278882,0.210936597279677,0.244900584741005,0.975347206410732,-0.0211251271892888,0.294801192411566,7,1
0.475593458018635,0.450558233623812,0.743911737116286,0.646799936460484,0.370151892507534,0.131761965095079,0.249076899352189,-0.0193538158971007,0.520296993349999,4,1
0.234074583668864,0.414698593278179,0.831312846273971,0.115762488469562,0.230444648286764,-0.00957016404014088,0.538811694797928,0.00971171474205387,-0.239750687331704,5,1
0.433232382388435,0.498392133558787,0.864604137044336,0.282234205688177,-0.0975066980364258,-0.0642801419653651,0.524674303407919,0.116188598724077,0.157757551850912,5,1
0.119934772284588,0.246173115122441,0.804971064991533,0.37106326038254,0.668943238997102,0.0772098016804211,0.180248061863421,0.0556405260299062,0.0962254914222757,4,1
0.343271218710517,0.32482176458969,0.762091812896051,0.212750497472191,0.404833741220216,0.0909509107474267,0.360425152615626,-0.00835260058769156,-0.0922360082395553,2,1
0.0423001084494367,0.392789518430441,0.743695628251708,0.0224899468462778,0.431151147440613,0.0245317731799158,0.269962621395275,0.069591548570941,-0.104331107620075,5,1
0.353387408710603,0.290445479906929,0.881737410613851,0.434530811179461,0.510316244031244,0.140149282043203,0.316699650077893,-0.0221862413574519,0.0749506896784132,1,1
1.11736560450326,0.0703261376464616,-1.11813875367796,3.82442906520188,-0.430801676019901,0.936280026474317,-1.48054966262378,-0.0758902481927015,4.1352354540113,6,1
0.502673834433161,0.406174035258315,1.13872582071705,0.287258901699763,0.14140953446855,0.0558604177422111,0.495602352756054,-0.039806751675755,-0.189792746575008,5,1
0.440472045822357,0.589757446884591,0.841842028194995,0.118762168290093,0.394395720475611,0.0303114668855649,0.352134801808023,-0.0198817855668914,0.338171790315381,5,1
0.964329065757529,0.532101012748626,-0.189925722526212,1.86410927804416,0.196565306674129,0.133225045240716,0.436151801941527,0.240556755744437,-0.180283032628089,7,1
0.178935877787529,0.702072828764985,-0.000630349086337344,1.14129384568997,0.594572202667621,-0.0168178728419388,0.224850780389317,0.173640620736463,-0.351960294227258,8,1
0.257001573956096,0.599557840017028,-0.0724130367492529,0.618899058892713,0.388299991516635,0.00304585997516071,0.197201899270583,0.512920681848772,0.0636247006492601,9,1
0.256087867525279,0.386107356318617,0.698357925951213,0.09148216758888,0.585600622354083,0.0801042709036715,0.339716168777716,0.00308134421854676,-0.125108482905275,2,1
0.179512422769483,0.387042548778713,0.824954783818756,0.663764864751181,0.716890274269039,0.119790764169782,0.275294972556739,0.0262304921923116,0.308963391086266,4,1
0.2493956758467,0.256168684975266,0.725856499159755,0.427154450739598,0.47071429251104,0.0364675269918713,0.239562253648281,0.00794409745466566,-0.0754095931583664,2,1
0.386968743879403,0.50136563181123,0.650289965121281,0.512700672049451,0.62876872323326,0.10998432827047,0.162372102316576,0.0312362938905496,-0.00468543283067669,2,1
0.164475794569113,0.668888036355653,0.00974246882706685,0.775977422574252,0.675560386567466,0.0281880653524434,0.217967841220859,0.150927625491714,-0.192941471395531,8,1
0.0919108729065131,0.396803585031265,0.703096596672402,0.394854768974485,0.443554089841975,0.105898032910271,0.33615549419656,0.0398108944663441,0.355204670338478,4,1
0.167031050475807,0.501529115025521,0.960092458593796,0.391685784391282,0.594533744229662,0.142695885790046,0.221834573708262,-0.00861115579960078,0.429875006617797,4,1
0.484401603076724,1.41162483584503,1.33082300137502,1.75376662376731,1.49725623164872,1.04196967351228,-1.12623688345588,0.216997591897649,-2.35289900334359,6,1
0.343764888627798,0.301600014469505,0.747290695284612,0.261470876714401,0.440224139775552,0.0859048424428268,0.419655906349532,-0.0150979083533962,0.624285438121375,4,1
0.467187133408194,0.335310867261723,0.926601462034605,0.175973693756989,0.219633324265285,0.0368386869945624,0.252094402319846,0.0541394326208081,0.334061562960283,5,1
0.100781855791339,0.372649202868032,0.703255578479494,0.319673511123695,0.462067564053431,0.0914195650764718,0.163317203043212,-0.00265456710185584,0.089888868307202,2,1
0.177450737201116,0.256554735039042,0.769176299056889,0.302383978942288,0.414786769035364,0.0971650582342587,0.305579277077861,-0.0506744885776983,0.0648139924140462,2,1
0.24384804539695,1.26384048472795,-0.614259468382339,-1.34094925979747,0.0486491689654528,0.119064236980495,1.78588123588665,0.025569185040253,-4.58998774135788,6,1
0.344258536251799,0.361679408109198,0.80743391927246,0.246290176744273,0.799710817063889,0.0891436527398959,0.196135912572757,0.0111138418613052,0.0363810169816608,2,1
0.234163171852799,0.358068049542899,0.773010824344967,0.261703763039419,0.607766182439644,0.0924520794512001,0.33218413298527,-0.00607392250378631,0.0518481638123062,3,1
0.26381891800666,0.227673208791774,0.799723360845613,0.295921528116129,0.595416327917524,0.0910262990357215,0.293363751826518,0.00223440413005799,-0.00789193201950584,3,1
-0.311653286180739,1.78795861027031,1.55109775017854,0.19823146459256,2.17956674744387,0.188228667864752,-0.707071173945512,0.0202693160370015,0.94918905365217,6,1
0.252614187634308,0.422968339803368,0.844248731733493,0.411933197873436,0.59434592153345,0.0680916190980103,0.354593442133925,-0.0109360171301851,0.247232550669929,2,1
0.226754146633892,0.4627888147756,0.820608210748313,0.194995777250517,0.478731086884535,-0.0579121810964446,0.406132933963736,0.0525658209271383,0.263711496345114,5,1
0.443288128758393,0.199582483361554,0.549375414309011,0.510154597116191,0.830442635427274,0.132802391847505,0.329950233117336,-0.0290921165935294,0.440415857539041,4,1
1.17846685127296,-0.300656533411184,0.814178444876652,1.19829332003428,0.0628959974356155,-0.0846898554707633,0.184722457036621,0.0111213217405479,0.343803296834052,7,1
0.301358923552797,0.30455306304624,0.737829860263426,0.545197880214564,0.600784810019799,0.145010910188595,0.385172907047693,0.0434263513173855,0.0538594465789411,2,1
0.228820207123784,0.330373431615282,0.789977161979973,0.276338267423194,0.563165768510916,0.120642872570276,0.2061401169904,-0.0237631945045483,0.0943702656699142,2,1
0.307512203737831,0.305298751346909,0.919344828723668,0.466967552603268,0.648990099383669,0.0784528302224843,0.333599646756921,0.0232508835094899,0.648632647481489,4,1
0.510103453275759,0.281926887260032,0.715779214811748,0.115471827873949,0.421537528877732,0.0416285488971416,0.286763638106609,-0.061531136711686,0.227735623485232,5,1
0.462783689274244,0.502723824277076,0.793411199685376,-0.196945204978913,1.10056538954536,-0.0105631050775743,0.38387615961137,-0.0579838043659071,0.215669852967486,5,1
0.318803284254029,0.468021623693909,0.784568392985037,0.396180799638492,0.53849368511667,0.0915060283239514,0.21947311897515,0.0109769651156989,0.0282750903367538,2,1
0.225128345502939,0.435164953251086,0.825848858018996,0.284809269055227,0.493856178072842,0.0949226092677678,0.301648331122074,-0.0143198103127203,-0.11710426872838,2,1
0.204623963868854,0.490085971663,1.07399700176564,0.389456966175676,0.426981710329308,0.087165132407842,0.369062200224921,0.0019007061648536,0.301818496445783,4,1
0.251614755327747,0.200517598517873,0.833143418810735,0.171101634768066,0.670774538069038,0.146123256226368,0.35033373194591,0.0347600245494663,0.159847994033356,4,1
0.292461848359305,0.697978521481857,-0.0449882890509648,0.163642685227867,0.293079002445449,-0.104183323756367,0.714708537818466,0.117151760322448,-1.00658723516973,7,1
0.361546519461904,0.149928481873384,0.567245400715911,0.438184638660705,0.214445469587589,-0.0474806330222314,0.573498986387127,-0.016762543243262,0.175342449621667,5,1
0.29082433064931,0.311248472129677,0.767076758524866,0.264907849059157,0.614422551494572,0.0991378676653425,0.273880874979315,0.00598805356693718,-0.0902963653453131,3,1
0.267707673966393,0.291693537926151,0.698738758714971,0.0697235444288636,0.387280077120354,0.185879867320826,0.387020177129491,-0.0152592140123065,0.409847021871046,1,1
0.952503409489845,0.030421175616767,-0.415824509714745,0.864268671261897,0.442420355868589,0.119583288855578,1.26890514053469,-0.0298065121267169,-1.379034253484,7,1
0.262847813857273,0.482341690215314,0.851144680602068,0.271246764066863,0.464417160301289,0.114864176294699,0.30644717122934,0.00368198542397696,-0.095180354436218,2,1
0.414244825503096,0.528836972824216,0.823694248833565,0.0779093143056755,0.582222301473264,0.0129243903128955,0.0832100584193238,-0.0317374884242481,0.222857755998304,5,1
0.338147685235839,0.315558097572612,0.815818782696483,0.414497639845301,0.515410839117162,0.109133509507917,0.272087868106287,0.0171883932266903,0.107607551814669,2,1
0.277908414562885,0.114320296871952,0.837349803439653,0.18440935552037,0.555142514344364,0.0828657784341008,0.383624406257917,0.00692448170527077,0.213656815627225,4,1
0.19660922691362,0.709917457011593,0.13354175589117,0.550848393189567,0.283127159797178,-0.0428013430199044,0.334293115644761,0.194684186675264,-0.398218142955552,8,1
0.121481446827334,0.300115532487715,0.780817554490296,0.442954792330452,0.685840463946065,0.113506633683125,0.23936274400635,-0.0053908479633721,0.0411391627975016,2,1
0.309598691628232,0.35684032896662,0.879890753339144,0.324696403777369,0.426413909834818,0.101676286245355,0.22938899938989,-0.00398870710589791,0.539897855051263,1,1
0.620334328785322,0.86605929892379,0.875648361412595,0.256254157888183,0.428514861979289,0.0488561452849561,0.390451284079957,-0.0247445509178674,0.301616631909124,5,1
1.36314413619113,0.102666922128581,-1.88444380403114,0.699864306314353,0.933981265605774,0.767978717780567,0.228818189671995,0.673195849642366,-1.87878869296129,6,1
0.828433575725625,0.28030883018651,0.769661781904518,0.458906750757529,0.503207831224988,-0.0373580071495389,0.489395704201166,0.000738166024434308,-0.149292775234491,5,1
0.187065350906665,0.603442623479253,-0.134998253557152,0.727992673839167,0.866957221619746,0.00705106226877181,0.245133749575601,0.160481152821645,0.243685969417002,8,1
0.179512255260566,0.402049168538661,0.882561546716405,0.572586006715255,0.531851235210604,0.0710823687808939,0.283317891902114,-0.0154314569359848,0.04253444241618,2,1
-0.0059568295862612,0.359748651090791,0.721720387596572,0.634960509988005,0.447103082687799,0.0997350488847562,0.241849318153543,0.0702782130687858,0.868385693237451,4,1
0.263317718964126,0.286534378925097,0.858561038971136,0.409163387261938,0.55888340616512,0.086501637798226,0.284083071492414,-0.0383994984941191,-0.0247904645979383,2,1
0.160228329981092,0.427576896086164,0.891356259372172,0.164616232917238,0.361368498949902,0.099202161549889,0.174283010747126,-0.0121047927778548,-0.0555135970016405,2,1
0.34400604821508,0.467560110945306,0.796810626536119,0.257985505435657,0.621335583003932,0.130720011100404,0.226547093271832,-0.0166288435020702,-0.102209731468677,2,1
0.270454802502156,0.519207405857597,0.723980807453454,0.354015930649303,0.423041064410501,0.135702605431314,0.30054398948684,0.00593008270800855,-0.0267415681016352,2,1
0.275914532921999,0.320750279083784,0.738872702521315,0.354887749600027,0.590243703101361,0.0974053033314463,0.268638519508887,-0.0143210533285525,0.0212190274509671,3,1
0.53346022701234,0.927585530456047,0.232725591673313,0.590287817763842,0.639684406911163,0.0779995268094734,0.423129862530715,-0.0384294729195685,0.642593718937835,7,1
0.410387602501796,0.52252295578247,0.684679863077943,0.313897198471277,0.510243032431905,0.00740190768186931,0.194800763673828,0.0422169179069501,-0.235059081162861,5,1
0.265414378799424,0.317336538752615,0.741666639861224,0.328395347997414,0.600162547160034,0.114985938058183,0.235636748602513,0.0123840697248357,0.012589221081739,2,1
0.413584558133628,0.530382183750473,0.717350331316594,0.175342796012023,0.170412399890459,0.034912597657007,0.327866552359587,-0.0868897492265334,-0.255358684229369,5,1
0.226546685434864,0.35592162213885,0.776806318523342,0.333865564587025,0.632759329682886,0.0984520916468458,0.300831886371144,-0.0075173288108534,-0.0924657998710092,3,1
0.406826639027708,0.435199967110803,0.853404479324131,0.480672591920672,0.590113798694776,0.0976790975790179,0.309634189434634,0.0363804738275385,0.0496421919427222,2,1
0.388197825392689,0.500975943156346,0.723000054210855,0.505485703817989,0.713350219095356,0.132751449881589,0.39772172703418,0.0480862741666523,-0.0327515406036484,1,1
0.112988362691518,0.336205121574976,0.773456846876174,0.370727950941381,0.37628281938432,0.0680440937568803,0.363764319958171,0.0354225473803501,0.451468747842639,4,1
0.175860737719698,0.516223217155886,-0.0719115733853866,0.889746455947208,0.642329988912009,0.058093189232394,0.250742968616616,0.144844400612063,-0.147512503430487,8,1
0.2805361315888,0.293896658789588,0.785959413297155,0.307552385651558,0.689869567379791,0.0863825822182821,0.299857172753855,-0.00411020442968144,-0.157356484203201,3,1
0.340968371832939,0.51760542550654,0.54231095151849,0.146773539695599,0.80767444700489,0.159511205844762,0.288044621225489,0.0149342414695272,0.593990986196248,4,1
0.294730599192791,0.344027576010727,0.734869624377571,0.27861045700712,0.517773728506785,0.0737509488926488,0.282441069725932,0.00790196627750625,0.0438262293643832,3,1
0.274769096501016,0.358831338969763,0.921854024946054,0.271024384180242,0.509217008508487,0.0942722647963207,0.344915215903149,0.0297176456982133,0.0429943152761286,2,1
0.672990973398046,0.204496472975929,0.803737613036237,0.286041359015385,0.634539005884671,0.0883962811707222,0.219007693911047,0.031626711695205,-0.321845573401216,1,1
0.592637537048266,0.580597712175602,0.638062937182792,0.104518354707076,0.620843704925735,0.0415237265114975,0.283229553111212,0.0435334325539875,0.524309455017181,5,1
0.382216000133923,-0.184788095523606,-0.120507231359479,0.788524618382148,0.549635544741908,0.149973386453172,0.230590519017746,-0.100500562912741,-1.12062009512519,7,1
0.154181663971111,0.590006514854321,-0.080768215658261,0.780732709960988,0.615966219694894,-0.0222677800314593,0.268514232200974,0.48733031774305,0.178869327591046,9,1
0.190127329531332,0.360945346884321,0.773609986245879,0.396060802262024,0.297682047958815,0.0851246719273001,0.280582486133841,-0.00196934912055687,0.0722581890441181,2,1
0.24863238511176,0.670336136723268,0.945061167610401,0.34490499682711,1.23787934798625,0.14870949244667,0.663526510285091,-0.0223817442758157,-0.518268747602783,7,1
